{
  "dataset": "AMI",
  "split": "test",
  "mode": "offline",
  "device": "Mac Mini M4, 16GB",
  "n_meetings": 16,
  "avg_der": 23.16,
  "avg_jer": 49.54,
  "avg_rtfx": 130.9,
  "total_processing_s": 250.3,
  "results": [
    {
      "speakerFragmentation": 1,
      "detectedSpeakers": 4,
      "rtfx": 131.05844116210938,
      "jer": 88.37992858886719,
      "chunksProcessed": 1,
      "der": 72.61790466308594,
      "missRate": 13.548765182495117,
      "timings": {
        "modelDownloadSeconds": 3.4064114093780518,
        "segmentationSeconds": 5.910082817077637,
        "audioLoadingSeconds": 0.09107398986816406,
        "modelCompilationSeconds": 1.459890604019165,
        "totalInferenceSeconds": 22.13758087158203,
        "speakerClusteringSeconds": 1.5102859735488892,
        "totalProcessingSeconds": 16.349266052246094,
        "embeddingExtractionSeconds": 14.71721076965332
      },
      "latency99th": 16.349266052246094,
      "speakerErrorRate": 59.069129943847656,
      "processingTime": 16.349266052246094,
      "latency90th": 16.349266052246094,
      "meeting": "EN2002a",
      "falseAlarmRate": 5.707662694476312e-06,
      "groundTruthSpeakers": 4
    },
    {
      "meeting": "EN2002b",
      "missRate": 3.2874269485473633,
      "falseAlarmRate": 2.238546848297119,
      "speakerErrorRate": 18.488492965698242,
      "jer": 47.749176025390625,
      "detectedSpeakers": 4,
      "der": 24.014467239379883,
      "processingTime": 14.084092140197754,
      "rtfx": 126.86994934082031,
      "timings": {
        "totalInferenceSeconds": 19.705947875976562,
        "embeddingExtractionSeconds": 12.92859935760498,
        "modelDownloadSeconds": 0.09835630655288696,
        "modelCompilationSeconds": 0.04215270280838013,
        "audioLoadingSeconds": 0.06096005439758301,
        "segmentationSeconds": 5.71922492980957,
        "speakerClusteringSeconds": 1.058122992515564,
        "totalProcessingSeconds": 14.084092140197754
      },
      "chunksProcessed": 1,
      "groundTruthSpeakers": 4,
      "speakerFragmentation": 1,
      "latency90th": 14.084092140197754,
      "latency99th": 14.084092140197754
    },
    {
      "falseAlarmRate": 0.8644521236419678,
      "detectedSpeakers": 4,
      "meeting": "EN2002c",
      "groundTruthSpeakers": 3,
      "rtfx": 126.82071685791016,
      "chunksProcessed": 1,
      "missRate": 4.7719340324401855,
      "processingTime": 23.436676025390625,
      "speakerErrorRate": 8.268774032592773,
      "latency90th": 23.436676025390625,
      "latency99th": 23.436676025390625,
      "timings": {
        "segmentationSeconds": 7.576138973236084,
        "embeddingExtractionSeconds": 20.397762298583984,
        "totalProcessingSeconds": 23.436676025390625,
        "modelDownloadSeconds": 0.10594142973423004,
        "modelCompilationSeconds": 0.04540346935391426,
        "audioLoadingSeconds": 0.06679296493530273,
        "speakerClusteringSeconds": 2.879100799560547,
        "totalInferenceSeconds": 30.853002548217773
      },
      "der": 13.905159950256348,
      "jer": 40.167442321777344,
      "speakerFragmentation": 1
    },
    {
      "groundTruthSpeakers": 4,
      "missRate": 3.7531580924987793,
      "meeting": "EN2002d",
      "speakerFragmentation": 1,
      "jer": 46.897125244140625,
      "latency90th": 16.79047393798828,
      "der": 25.40534210205078,
      "falseAlarmRate": 1.9602463245391846,
      "speakerErrorRate": 19.691936492919922,
      "rtfx": 131.61622619628906,
      "processingTime": 16.79047393798828,
      "chunksProcessed": 1,
      "detectedSpeakers": 4,
      "latency99th": 16.79047393798828,
      "timings": {
        "totalInferenceSeconds": 22.429777145385742,
        "audioLoadingSeconds": 0.048681020736694336,
        "modelCompilationSeconds": 0.03507120534777641,
        "totalProcessingSeconds": 16.79047393798828,
        "speakerClusteringSeconds": 1.5856080055236816,
        "embeddingExtractionSeconds": 15.086315155029297,
        "modelDownloadSeconds": 0.08183281123638153,
        "segmentationSeconds": 5.75785493850708
      }
    },
    {
      "rtfx": 135.32781982421875,
      "chunksProcessed": 1,
      "speakerErrorRate": 5.199018955230713,
      "meeting": "ES2004a",
      "groundTruthSpeakers": 4,
      "der": 14.526910781860352,
      "speakerFragmentation": 1,
      "timings": {
        "audioLoadingSeconds": 0.02409195899963379,
        "embeddingExtractionSeconds": 7.331492900848389,
        "speakerClusteringSeconds": 0.364719033241272,
        "modelCompilationSeconds": 0.03670166805386543,
        "modelDownloadSeconds": 0.08563722670078278,
        "totalInferenceSeconds": 10.439286231994629,
        "totalProcessingSeconds": 7.7541680335998535,
        "segmentationSeconds": 2.7430739402770996
      },
      "jer": 37.19593048095703,
      "missRate": 7.590012550354004,
      "falseAlarmRate": 1.7378792762756348,
      "processingTime": 7.7541680335998535,
      "detectedSpeakers": 5,
      "latency90th": 7.7541680335998535,
      "latency99th": 7.7541680335998535
    },
    {
      "timings": {
        "modelCompilationSeconds": 0.03464609384536743,
        "segmentationSeconds": 5.948132038116455,
        "embeddingExtractionSeconds": 15.967619895935059,
        "totalInferenceSeconds": 23.711044311523438,
        "audioLoadingSeconds": 0.05309498310089111,
        "speakerClusteringSeconds": 1.7952920198440552,
        "totalProcessingSeconds": 17.895463943481445,
        "modelDownloadSeconds": 0.08084088563919067
      },
      "speakerErrorRate": 5.292553424835205,
      "chunksProcessed": 1,
      "falseAlarmRate": 2.5618231296539307,
      "latency90th": 17.895463943481445,
      "missRate": 2.526547431945801,
      "groundTruthSpeakers": 4,
      "speakerFragmentation": 1,
      "detectedSpeakers": 6,
      "meeting": "ES2004b",
      "jer": 42.129947662353516,
      "rtfx": 131.0663604736328,
      "processingTime": 17.895463943481445,
      "latency99th": 17.895463943481445,
      "der": 10.380924224853516
    },
    {
      "processingTime": 17.85009002685547,
      "detectedSpeakers": 5,
      "chunksProcessed": 1,
      "latency90th": 17.85009002685547,
      "missRate": 1.9613298177719116,
      "latency99th": 17.85009002685547,
      "rtfx": 130.77626037597656,
      "timings": {
        "modelCompilationSeconds": 0.043399788439273834,
        "totalInferenceSeconds": 23.71519660949707,
        "segmentationSeconds": 5.997722148895264,
        "totalProcessingSeconds": 17.85009002685547,
        "speakerClusteringSeconds": 1.7978739738464355,
        "audioLoadingSeconds": 0.05179393291473389,
        "embeddingExtractionSeconds": 15.919599533081055,
        "modelDownloadSeconds": 0.10126616805791855
      },
      "speakerErrorRate": 5.621491432189941,
      "falseAlarmRate": 3.4067022800445557,
      "groundTruthSpeakers": 4,
      "der": 10.989522933959961,
      "meeting": "ES2004c",
      "jer": 32.316707611083984,
      "speakerFragmentation": 1
    },
    {
      "meeting": "ES2004d",
      "jer": 91.26530456542969,
      "processingTime": 17.20206069946289,
      "timings": {
        "modelDownloadSeconds": 0.08323488384485245,
        "modelCompilationSeconds": 0.03567209094762802,
        "totalProcessingSeconds": 17.20206069946289,
        "segmentationSeconds": 5.975306034088135,
        "audioLoadingSeconds": 0.04898500442504883,
        "embeddingExtractionSeconds": 15.424666404724121,
        "speakerClusteringSeconds": 1.6610169410705566,
        "totalInferenceSeconds": 23.060989379882812
      },
      "latency90th": 17.20206069946289,
      "rtfx": 129.18746948242188,
      "falseAlarmRate": 2.8313775062561035,
      "groundTruthSpeakers": 4,
      "speakerFragmentation": 1,
      "der": 69.42384338378906,
      "latency99th": 17.20206069946289,
      "missRate": 4.2211737632751465,
      "chunksProcessed": 1,
      "speakerErrorRate": 62.37129592895508,